value_type,layer_index,values
layer_pp_dim,0,1106.3585205078125
layer_pp_dim,0,1106.26025390625
layer_pp_dim,0,1103.78759765625
layer_pp_dim,0,1103.78662109375
layer_pp_dim,0,1101.132080078125
layer_pp_dim,0,1106.3421630859375
layer_pp_dim,0,1097.7437744140625
layer_pp_dim,0,1105.047607421875
layer_pp_dim,0,1101.742919921875
layer_pp_dim,0,1109.2685546875
layer_pp_dim,0,1097.984375
layer_pp_dim,0,1105.9027099609375
layer_pp_dim,0,1105.9205322265625
layer_pp_dim,0,1108.462646484375
layer_pp_dim,0,1102.2059326171875
layer_pp_dim,0,1105.0616455078125
layer_pp_dim,0,1105.2952880859375
layer_pp_dim,0,1105.606689453125
layer_pp_dim,0,1103.287353515625
layer_pp_dim,0,1106.55126953125
layer_pp_dim,1,574.0823364257812
layer_pp_dim,1,574.8417358398438
layer_pp_dim,1,572.9505615234375
layer_pp_dim,1,571.6502685546875
layer_pp_dim,1,570.427490234375
layer_pp_dim,1,574.177978515625
layer_pp_dim,1,563.9273681640625
layer_pp_dim,1,572.535888671875
layer_pp_dim,1,569.2200317382812
layer_pp_dim,1,576.3575439453125
layer_pp_dim,1,564.123291015625
layer_pp_dim,1,574.3626098632812
layer_pp_dim,1,570.9732666015625
layer_pp_dim,1,579.2431030273438
layer_pp_dim,1,568.0565185546875
layer_pp_dim,1,571.9464111328125
layer_pp_dim,1,568.8209228515625
layer_pp_dim,1,574.6253662109375
layer_pp_dim,1,574.1930541992188
layer_pp_dim,1,576.8429565429688
layer_pp_dim,2,564.1541748046875
layer_pp_dim,2,377.5750427246094
layer_pp_dim,2,578.1002197265625
layer_pp_dim,2,317.9794006347656
layer_pp_dim,2,323.0733947753906
layer_pp_dim,2,252.62982177734375
layer_pp_dim,2,286.22955322265625
layer_pp_dim,2,465.7303771972656
layer_pp_dim,2,492.6887512207031
layer_pp_dim,2,499.58367919921875
layer_pp_dim,2,398.7614440917969
layer_pp_dim,2,340.1903076171875
layer_pp_dim,2,301.639892578125
layer_pp_dim,2,514.252197265625
layer_pp_dim,2,475.22540283203125
layer_pp_dim,2,496.5371398925781
layer_pp_dim,2,512.9769897460938
layer_pp_dim,2,394.9517517089844
layer_pp_dim,2,417.1585693359375
layer_pp_dim,2,372.0948791503906
layer_pp_dim,3,138.35623168945312
layer_pp_dim,3,125.06061553955078
layer_pp_dim,3,158.3675994873047
layer_pp_dim,3,126.25616455078125
layer_pp_dim,3,112.52497863769531
layer_pp_dim,3,108.850830078125
layer_pp_dim,3,122.00382995605469
layer_pp_dim,3,111.23823547363281
layer_pp_dim,3,133.53074645996094
layer_pp_dim,3,147.09487915039062
layer_pp_dim,3,124.37556457519531
layer_pp_dim,3,129.93858337402344
layer_pp_dim,3,127.3061752319336
layer_pp_dim,3,99.20800018310547
layer_pp_dim,3,87.22190856933594
layer_pp_dim,3,62.87016296386719
layer_pp_dim,3,163.35411071777344
layer_pp_dim,3,129.1826171875
layer_pp_dim,3,143.35301208496094
layer_pp_dim,3,116.77751159667969
layer_pp_dim,4,162.0157470703125
layer_pp_dim,4,146.65187072753906
layer_pp_dim,4,184.88916015625
layer_pp_dim,4,149.3734130859375
layer_pp_dim,4,133.2757110595703
layer_pp_dim,4,130.54905700683594
layer_pp_dim,4,144.55120849609375
layer_pp_dim,4,131.4152374267578
layer_pp_dim,4,156.1300506591797
layer_pp_dim,4,172.5624237060547
layer_pp_dim,4,146.3836212158203
layer_pp_dim,4,155.00335693359375
layer_pp_dim,4,150.99378967285156
layer_pp_dim,4,117.06155395507812
layer_pp_dim,4,104.24568939208984
layer_pp_dim,4,73.54090118408203
layer_pp_dim,4,191.3339080810547
layer_pp_dim,4,152.32582092285156
layer_pp_dim,4,167.99090576171875
layer_pp_dim,4,138.84776306152344
layer_pp_dim,5,162.7463836669922
layer_pp_dim,5,147.58627319335938
layer_pp_dim,5,185.6009979248047
layer_pp_dim,5,150.3393096923828
layer_pp_dim,5,135.89610290527344
layer_pp_dim,5,132.44387817382812
layer_pp_dim,5,145.33523559570312
layer_pp_dim,5,134.0659942626953
layer_pp_dim,5,157.5479736328125
layer_pp_dim,5,173.75192260742188
layer_pp_dim,5,148.6695556640625
layer_pp_dim,5,157.812255859375
layer_pp_dim,5,151.8155059814453
layer_pp_dim,5,120.00410461425781
layer_pp_dim,5,107.15229797363281
layer_pp_dim,5,76.25140380859375
layer_pp_dim,5,192.34945678710938
layer_pp_dim,5,154.06988525390625
layer_pp_dim,5,168.75962829589844
layer_pp_dim,5,140.94773864746094
layer_pp_dim,6,144.6566619873047
layer_pp_dim,6,131.0117950439453
layer_pp_dim,6,164.72640991210938
layer_pp_dim,6,133.10939025878906
layer_pp_dim,6,120.70752716064453
layer_pp_dim,6,117.17244720458984
layer_pp_dim,6,129.10269165039062
layer_pp_dim,6,119.17898559570312
layer_pp_dim,6,140.27879333496094
layer_pp_dim,6,154.2370147705078
layer_pp_dim,6,132.2521209716797
layer_pp_dim,6,139.4747314453125
layer_pp_dim,6,134.78187561035156
layer_pp_dim,6,106.5497817993164
layer_pp_dim,6,95.20378875732422
layer_pp_dim,6,68.03007507324219
layer_pp_dim,6,171.22802734375
layer_pp_dim,6,136.1576690673828
layer_pp_dim,6,149.7010040283203
layer_pp_dim,6,124.85916900634766
layer_pp_dim,7,152.11973571777344
layer_pp_dim,7,135.5686492919922
layer_pp_dim,7,172.39085388183594
layer_pp_dim,7,136.26622009277344
layer_pp_dim,7,126.74381256103516
layer_pp_dim,7,121.61022186279297
layer_pp_dim,7,133.113525390625
layer_pp_dim,7,125.7215805053711
layer_pp_dim,7,146.43060302734375
layer_pp_dim,7,158.52542114257812
layer_pp_dim,7,139.02528381347656
layer_pp_dim,7,143.07882690429688
layer_pp_dim,7,139.5994110107422
layer_pp_dim,7,113.27074432373047
layer_pp_dim,7,102.533203125
layer_pp_dim,7,74.93244934082031
layer_pp_dim,7,176.82611083984375
layer_pp_dim,7,141.43212890625
layer_pp_dim,7,154.2686309814453
layer_pp_dim,7,129.338134765625
layer_pp_dim,8,172.04295349121094
layer_pp_dim,8,152.9146728515625
layer_pp_dim,8,192.78492736816406
layer_pp_dim,8,152.29991149902344
layer_pp_dim,8,144.5155792236328
layer_pp_dim,8,136.88308715820312
layer_pp_dim,8,148.84434509277344
layer_pp_dim,8,144.2203369140625
layer_pp_dim,8,165.2984161376953
layer_pp_dim,8,178.0948944091797
layer_pp_dim,8,156.1211395263672
layer_pp_dim,8,159.57164001464844
layer_pp_dim,8,155.0314178466797
layer_pp_dim,8,131.01388549804688
layer_pp_dim,8,121.54004669189453
layer_pp_dim,8,88.7155532836914
layer_pp_dim,8,196.34085083007812
layer_pp_dim,8,159.7996368408203
layer_pp_dim,8,171.58883666992188
layer_pp_dim,8,146.30181884765625
layer_pp_dim,9,166.8292694091797
layer_pp_dim,9,148.87608337402344
layer_pp_dim,9,186.26841735839844
layer_pp_dim,9,147.15159606933594
layer_pp_dim,9,140.8472442626953
layer_pp_dim,9,133.56903076171875
layer_pp_dim,9,145.00498962402344
layer_pp_dim,9,140.51846313476562
layer_pp_dim,9,162.48085021972656
layer_pp_dim,9,173.68505859375
layer_pp_dim,9,152.1667938232422
layer_pp_dim,9,154.9381561279297
layer_pp_dim,9,150.71018981933594
layer_pp_dim,9,127.55512237548828
layer_pp_dim,9,118.74007415771484
layer_pp_dim,9,86.96269989013672
layer_pp_dim,9,189.75721740722656
layer_pp_dim,9,155.29904174804688
layer_pp_dim,9,166.5066375732422
layer_pp_dim,9,142.21533203125
layer_pp_dim,10,167.139404296875
layer_pp_dim,10,149.41500854492188
layer_pp_dim,10,186.83880615234375
layer_pp_dim,10,148.1079559326172
layer_pp_dim,10,142.05023193359375
layer_pp_dim,10,135.3653106689453
layer_pp_dim,10,146.30433654785156
layer_pp_dim,10,141.07318115234375
layer_pp_dim,10,163.35903930664062
layer_pp_dim,10,174.06951904296875
layer_pp_dim,10,153.41952514648438
layer_pp_dim,10,155.97572326660156
layer_pp_dim,10,152.08668518066406
layer_pp_dim,10,128.09303283691406
layer_pp_dim,10,119.07715606689453
layer_pp_dim,10,86.94095611572266
layer_pp_dim,10,190.2788848876953
layer_pp_dim,10,156.23843383789062
layer_pp_dim,10,167.63526916503906
layer_pp_dim,10,143.248779296875
layer_pp_dim,11,163.82008361816406
layer_pp_dim,11,146.02786254882812
layer_pp_dim,11,181.30062866210938
layer_pp_dim,11,144.3198699951172
layer_pp_dim,11,138.82510375976562
layer_pp_dim,11,132.11126708984375
layer_pp_dim,11,142.69259643554688
layer_pp_dim,11,138.33567810058594
layer_pp_dim,11,159.11807250976562
layer_pp_dim,11,169.69029235839844
layer_pp_dim,11,150.3328094482422
layer_pp_dim,11,153.00784301757812
layer_pp_dim,11,149.0673370361328
layer_pp_dim,11,125.07476043701172
layer_pp_dim,11,116.31000518798828
layer_pp_dim,11,84.48119354248047
layer_pp_dim,11,185.84983825683594
layer_pp_dim,11,152.54061889648438
layer_pp_dim,11,164.11593627929688
layer_pp_dim,11,140.23399353027344
layer_pp_dim,12,158.62216186523438
layer_pp_dim,12,141.95449829101562
layer_pp_dim,12,175.23641967773438
layer_pp_dim,12,140.59246826171875
layer_pp_dim,12,134.43032836914062
layer_pp_dim,12,128.37010192871094
layer_pp_dim,12,139.0608367919922
layer_pp_dim,12,134.43861389160156
layer_pp_dim,12,154.37599182128906
layer_pp_dim,12,165.00685119628906
layer_pp_dim,12,144.89573669433594
layer_pp_dim,12,149.0851593017578
layer_pp_dim,12,144.18020629882812
layer_pp_dim,12,121.57605743408203
layer_pp_dim,12,112.76725769042969
layer_pp_dim,12,81.81255340576172
layer_pp_dim,12,179.9949951171875
layer_pp_dim,12,148.4674072265625
layer_pp_dim,12,159.63246154785156
layer_pp_dim,12,136.75143432617188
layer_pp_dim,13,156.94546508789062
layer_pp_dim,13,140.59877014160156
layer_pp_dim,13,173.7196502685547
layer_pp_dim,13,139.31048583984375
layer_pp_dim,13,133.30618286132812
layer_pp_dim,13,127.13883209228516
layer_pp_dim,13,137.74136352539062
layer_pp_dim,13,133.30007934570312
layer_pp_dim,13,152.8210906982422
layer_pp_dim,13,163.1948699951172
layer_pp_dim,13,144.22889709472656
layer_pp_dim,13,148.09957885742188
layer_pp_dim,13,142.59642028808594
layer_pp_dim,13,120.54676818847656
layer_pp_dim,13,111.70687103271484
layer_pp_dim,13,81.28582000732422
layer_pp_dim,13,178.1262969970703
layer_pp_dim,13,147.23207092285156
layer_pp_dim,13,158.61068725585938
layer_pp_dim,13,135.46360778808594
layer_pp_dim,14,173.59230041503906
layer_pp_dim,14,156.84458923339844
layer_pp_dim,14,191.87191772460938
layer_pp_dim,14,156.56033325195312
layer_pp_dim,14,148.31919860839844
layer_pp_dim,14,142.588134765625
layer_pp_dim,14,154.72549438476562
layer_pp_dim,14,147.7622833251953
layer_pp_dim,14,169.88568115234375
layer_pp_dim,14,180.75628662109375
layer_pp_dim,14,160.6653289794922
layer_pp_dim,14,166.1156463623047
layer_pp_dim,14,158.80409240722656
layer_pp_dim,14,133.55197143554688
layer_pp_dim,14,123.67705535888672
layer_pp_dim,14,89.78572082519531
layer_pp_dim,14,197.449951171875
layer_pp_dim,14,164.23602294921875
layer_pp_dim,14,177.19772338867188
layer_pp_dim,14,151.38015747070312
layer_pp_dim,15,171.3991241455078
layer_pp_dim,15,154.96546936035156
layer_pp_dim,15,188.0391387939453
layer_pp_dim,15,153.995849609375
layer_pp_dim,15,146.47886657714844
layer_pp_dim,15,140.5738525390625
layer_pp_dim,15,153.19692993164062
layer_pp_dim,15,145.609375
layer_pp_dim,15,167.64012145996094
layer_pp_dim,15,178.14178466796875
layer_pp_dim,15,158.74880981445312
layer_pp_dim,15,164.13987731933594
layer_pp_dim,15,157.5894775390625
layer_pp_dim,15,131.0103302001953
layer_pp_dim,15,121.80878448486328
layer_pp_dim,15,88.16140747070312
layer_pp_dim,15,194.3520050048828
layer_pp_dim,15,162.28689575195312
layer_pp_dim,15,175.359130859375
layer_pp_dim,15,149.36495971679688
layer_pp_dim,16,167.90501403808594
layer_pp_dim,16,151.28152465820312
layer_pp_dim,16,184.6845245361328
layer_pp_dim,16,149.73580932617188
layer_pp_dim,16,142.8367156982422
layer_pp_dim,16,137.26966857910156
layer_pp_dim,16,149.7406463623047
layer_pp_dim,16,143.06654357910156
layer_pp_dim,16,163.8681182861328
layer_pp_dim,16,174.200927734375
layer_pp_dim,16,155.16842651367188
layer_pp_dim,16,160.0015106201172
layer_pp_dim,16,153.0091552734375
layer_pp_dim,16,128.9803924560547
layer_pp_dim,16,119.9565658569336
layer_pp_dim,16,87.35031127929688
layer_pp_dim,16,189.5443572998047
layer_pp_dim,16,158.9158477783203
layer_pp_dim,16,171.5872802734375
layer_pp_dim,16,146.5470733642578
layer_pp_dim,17,167.3522491455078
layer_pp_dim,17,150.91090393066406
layer_pp_dim,17,183.44219970703125
layer_pp_dim,17,148.8611602783203
layer_pp_dim,17,142.07228088378906
layer_pp_dim,17,136.61651611328125
layer_pp_dim,17,149.40969848632812
layer_pp_dim,17,142.66036987304688
layer_pp_dim,17,162.78465270996094
layer_pp_dim,17,173.5668182373047
layer_pp_dim,17,154.3914794921875
layer_pp_dim,17,158.92929077148438
layer_pp_dim,17,152.63523864746094
layer_pp_dim,17,128.80569458007812
layer_pp_dim,17,120.03536224365234
layer_pp_dim,17,87.79298400878906
layer_pp_dim,17,188.00469970703125
layer_pp_dim,17,157.87606811523438
layer_pp_dim,17,170.63401794433594
layer_pp_dim,17,146.32350158691406
layer_pp_dim,18,171.62741088867188
layer_pp_dim,18,156.393798828125
layer_pp_dim,18,186.7703399658203
layer_pp_dim,18,154.15408325195312
layer_pp_dim,18,146.11492919921875
layer_pp_dim,18,141.33209228515625
layer_pp_dim,18,155.81344604492188
layer_pp_dim,18,146.71286010742188
layer_pp_dim,18,166.73110961914062
layer_pp_dim,18,178.69529724121094
layer_pp_dim,18,159.3358612060547
layer_pp_dim,18,164.19943237304688
layer_pp_dim,18,159.0870361328125
layer_pp_dim,18,132.48768615722656
layer_pp_dim,18,123.63832092285156
layer_pp_dim,18,90.63045501708984
layer_pp_dim,18,192.34947204589844
layer_pp_dim,18,162.2308349609375
layer_pp_dim,18,176.12783813476562
layer_pp_dim,18,151.05772399902344
layer_pp_dim,19,195.1420440673828
layer_pp_dim,19,179.09059143066406
layer_pp_dim,19,210.23846435546875
layer_pp_dim,19,175.77069091796875
layer_pp_dim,19,166.9394073486328
layer_pp_dim,19,161.95411682128906
layer_pp_dim,19,177.9980926513672
layer_pp_dim,19,167.70303344726562
layer_pp_dim,19,189.4414520263672
layer_pp_dim,19,202.7034912109375
layer_pp_dim,19,182.07887268066406
layer_pp_dim,19,186.5454559326172
layer_pp_dim,19,182.1128387451172
layer_pp_dim,19,151.8840789794922
layer_pp_dim,19,142.402587890625
layer_pp_dim,19,105.13787841796875
layer_pp_dim,19,216.24110412597656
layer_pp_dim,19,184.7261505126953
layer_pp_dim,19,200.1553192138672
layer_pp_dim,19,172.314697265625
layer_pp_dim,20,227.43197631835938
layer_pp_dim,20,213.04856872558594
layer_pp_dim,20,240.89151000976562
layer_pp_dim,20,208.85433959960938
layer_pp_dim,20,200.8175811767578
layer_pp_dim,20,195.1231231689453
layer_pp_dim,20,212.49472045898438
layer_pp_dim,20,201.0645294189453
layer_pp_dim,20,222.44766235351562
layer_pp_dim,20,235.05455017089844
layer_pp_dim,20,216.21279907226562
layer_pp_dim,20,219.77259826660156
layer_pp_dim,20,216.9323272705078
layer_pp_dim,20,185.2147674560547
layer_pp_dim,20,174.2321319580078
layer_pp_dim,20,133.4042205810547
layer_pp_dim,20,246.78009033203125
layer_pp_dim,20,217.82948303222656
layer_pp_dim,20,232.29971313476562
layer_pp_dim,20,205.57144165039062
layer_pp_dim,21,242.8713836669922
layer_pp_dim,21,227.5098876953125
layer_pp_dim,21,256.2118225097656
layer_pp_dim,21,224.1794891357422
layer_pp_dim,21,214.94700622558594
layer_pp_dim,21,209.4488067626953
layer_pp_dim,21,228.99960327148438
layer_pp_dim,21,215.95986938476562
layer_pp_dim,21,236.9351348876953
layer_pp_dim,21,250.61007690429688
layer_pp_dim,21,231.11923217773438
layer_pp_dim,21,235.92709350585938
layer_pp_dim,21,232.88040161132812
layer_pp_dim,21,199.69598388671875
layer_pp_dim,21,187.4301300048828
layer_pp_dim,21,144.5460662841797
layer_pp_dim,21,261.90234375
layer_pp_dim,21,232.32118225097656
layer_pp_dim,21,247.99884033203125
layer_pp_dim,21,221.06788635253906
layer_pp_dim,22,270.5101318359375
layer_pp_dim,22,254.39059448242188
layer_pp_dim,22,284.4915466308594
layer_pp_dim,22,249.9805908203125
layer_pp_dim,22,242.08201599121094
layer_pp_dim,22,236.00051879882812
layer_pp_dim,22,255.6542510986328
layer_pp_dim,22,243.3656768798828
layer_pp_dim,22,265.06011962890625
layer_pp_dim,22,279.0658264160156
layer_pp_dim,22,258.937255859375
layer_pp_dim,22,261.6646423339844
layer_pp_dim,22,258.9437561035156
layer_pp_dim,22,229.08364868164062
layer_pp_dim,22,214.17050170898438
layer_pp_dim,22,168.8446807861328
layer_pp_dim,22,287.64111328125
layer_pp_dim,22,260.7067565917969
layer_pp_dim,22,273.7655944824219
layer_pp_dim,22,248.51275634765625
layer_pp_dim,23,331.9620056152344
layer_pp_dim,23,317.6702880859375
layer_pp_dim,23,346.4229736328125
layer_pp_dim,23,314.4922180175781
layer_pp_dim,23,302.2102355957031
layer_pp_dim,23,299.72845458984375
layer_pp_dim,23,320.5611877441406
layer_pp_dim,23,304.2223815917969
layer_pp_dim,23,325.7076110839844
layer_pp_dim,23,344.4346008300781
layer_pp_dim,23,323.51971435546875
layer_pp_dim,23,324.2875671386719
layer_pp_dim,23,322.7443542480469
layer_pp_dim,23,289.22882080078125
layer_pp_dim,23,272.0845947265625
layer_pp_dim,23,219.13101196289062
layer_pp_dim,23,350.0316467285156
layer_pp_dim,23,325.60888671875
layer_pp_dim,23,336.8377685546875
layer_pp_dim,23,310.6753234863281
layer_pp_dim,24,411.4248352050781
layer_pp_dim,24,397.102783203125
layer_pp_dim,24,425.9062194824219
layer_pp_dim,24,394.87860107421875
layer_pp_dim,24,378.9541015625
layer_pp_dim,24,378.13092041015625
layer_pp_dim,24,403.4883117675781
layer_pp_dim,24,381.9493713378906
layer_pp_dim,24,403.31842041015625
layer_pp_dim,24,426.37939453125
layer_pp_dim,24,403.1905212402344
layer_pp_dim,24,406.8679504394531
layer_pp_dim,24,405.990234375
layer_pp_dim,24,363.8484191894531
layer_pp_dim,24,343.0664978027344
layer_pp_dim,24,280.14544677734375
layer_pp_dim,24,430.66876220703125
layer_pp_dim,24,402.5072021484375
layer_pp_dim,24,418.9051208496094
layer_pp_dim,24,388.9480895996094
layer_pp_dim,25,458.19512939453125
layer_pp_dim,25,447.71539306640625
layer_pp_dim,25,472.3818359375
layer_pp_dim,25,447.34820556640625
layer_pp_dim,25,427.37921142578125
layer_pp_dim,25,429.78216552734375
layer_pp_dim,25,457.7015686035156
layer_pp_dim,25,429.71820068359375
layer_pp_dim,25,451.8349609375
layer_pp_dim,25,474.4491882324219
layer_pp_dim,25,453.2049560546875
layer_pp_dim,25,459.4637756347656
layer_pp_dim,25,457.2368469238281
layer_pp_dim,25,411.7262878417969
layer_pp_dim,25,389.1632385253906
layer_pp_dim,25,323.9297790527344
layer_pp_dim,25,478.4905090332031
layer_pp_dim,25,450.2712707519531
layer_pp_dim,25,469.1665344238281
layer_pp_dim,25,438.86114501953125
layer_pp_dim,26,512.9032592773438
layer_pp_dim,26,504.14361572265625
layer_pp_dim,26,526.6782836914062
layer_pp_dim,26,504.9355163574219
layer_pp_dim,26,482.2925720214844
layer_pp_dim,26,486.5449523925781
layer_pp_dim,26,514.197265625
layer_pp_dim,26,484.6151123046875
layer_pp_dim,26,508.258544921875
layer_pp_dim,26,529.8502197265625
layer_pp_dim,26,509.62200927734375
layer_pp_dim,26,517.7754516601562
layer_pp_dim,26,513.7864990234375
layer_pp_dim,26,466.0895080566406
layer_pp_dim,26,441.3962707519531
layer_pp_dim,26,376.22186279296875
layer_pp_dim,26,534.1679077148438
layer_pp_dim,26,506.5030822753906
layer_pp_dim,26,525.051513671875
layer_pp_dim,26,495.0914306640625
layer_pp_dim,27,611.0590209960938
layer_pp_dim,27,612.0647583007812
layer_pp_dim,27,616.0279541015625
layer_pp_dim,27,613.2636108398438
layer_pp_dim,27,596.49267578125
layer_pp_dim,27,606.7936401367188
layer_pp_dim,27,623.7701416015625
layer_pp_dim,27,598.8082275390625
layer_pp_dim,27,611.9114990234375
layer_pp_dim,27,621.8228759765625
layer_pp_dim,27,612.2586059570312
layer_pp_dim,27,624.238037109375
layer_pp_dim,27,615.9307250976562
layer_pp_dim,27,587.6403198242188
layer_pp_dim,27,568.2273559570312
layer_pp_dim,27,541.569091796875
layer_pp_dim,27,620.777587890625
layer_pp_dim,27,609.72607421875
layer_pp_dim,27,620.12890625
layer_pp_dim,27,606.9014282226562
layer_pp_dim,28,497.61370849609375
layer_pp_dim,28,498.0959167480469
layer_pp_dim,28,468.5262756347656
layer_pp_dim,28,491.23028564453125
layer_pp_dim,28,476.89410400390625
layer_pp_dim,28,485.0701904296875
layer_pp_dim,28,508.25616455078125
layer_pp_dim,28,474.2214660644531
layer_pp_dim,28,497.75360107421875
layer_pp_dim,28,486.27276611328125
layer_pp_dim,28,476.24285888671875
layer_pp_dim,28,504.96392822265625
layer_pp_dim,28,507.5055847167969
layer_pp_dim,28,490.9322204589844
layer_pp_dim,28,466.40045166015625
layer_pp_dim,28,479.8071594238281
layer_pp_dim,28,487.1741943359375
layer_pp_dim,28,468.4377746582031
layer_pp_dim,28,494.4775695800781
layer_pp_dim,28,486.1952209472656
layer_pp_dim,29,0.0
layer_pp_dim,29,0.0
layer_pp_dim,29,0.0
layer_pp_dim,29,0.0
layer_pp_dim,29,0.0
layer_pp_dim,29,0.0
layer_pp_dim,29,0.0
layer_pp_dim,29,0.0
layer_pp_dim,29,0.0
layer_pp_dim,29,0.0
layer_pp_dim,29,0.0
layer_pp_dim,29,0.0
layer_pp_dim,29,0.0
layer_pp_dim,29,0.0
layer_pp_dim,29,0.0
layer_pp_dim,29,0.0
layer_pp_dim,29,0.0
layer_pp_dim,29,0.0
layer_pp_dim,29,0.0
layer_pp_dim,29,0.0
layer_nu_over_d,0,0.7202854951222738
layer_nu_over_d,0,0.7202215194702148
layer_nu_over_d,0,0.7186117172241211
layer_nu_over_d,0,0.7186110814412435
layer_nu_over_d,0,0.7168828646341959
layer_nu_over_d,0,0.7202748457590739
layer_nu_over_d,0,0.7146769364674886
layer_nu_over_d,0,0.7194320360819498
layer_nu_over_d,0,0.7172805468241373
layer_nu_over_d,0,0.7221800486246744
layer_nu_over_d,0,0.7148335774739584
layer_nu_over_d,0,0.719988743464152
layer_nu_over_d,0,0.7200003465016683
layer_nu_over_d,0,0.7216553688049316
layer_nu_over_d,0,0.7175819873809814
layer_nu_over_d,0,0.7194411754608154
layer_nu_over_d,0,0.7195932865142822
layer_nu_over_d,0,0.7197960217793783
layer_nu_over_d,0,0.7182860374450684
layer_nu_over_d,0,0.7204109827677408
layer_nu_over_d,1,0.37375152111053467
layer_nu_over_d,1,0.3742459217707316
layer_nu_over_d,1,0.3730146884918213
layer_nu_over_d,1,0.3721681435902913
layer_nu_over_d,1,0.3713720639546712
layer_nu_over_d,1,0.37381378809611004
layer_nu_over_d,1,0.3671402136484782
layer_nu_over_d,1,0.37274471918741864
layer_nu_over_d,1,0.37058595816294354
layer_nu_over_d,1,0.3752327760060628
layer_nu_over_d,1,0.36726776758829754
layer_nu_over_d,1,0.37393399079640705
layer_nu_over_d,1,0.37172738711039227
layer_nu_over_d,1,0.37711139520009357
layer_nu_over_d,1,0.369828462600708
layer_nu_over_d,1,0.3723609447479248
layer_nu_over_d,1,0.37032612164815265
layer_nu_over_d,1,0.3741050561269124
layer_nu_over_d,1,0.373823602994283
layer_nu_over_d,1,0.37554879983266193
layer_nu_over_d,2,0.36728787422180176
layer_nu_over_d,2,0.24581708510716757
layer_nu_over_d,2,0.37636733055114746
layer_nu_over_d,2,0.20701783895492554
layer_nu_over_d,2,0.21033424139022827
layer_nu_over_d,2,0.16447254021962485
layer_nu_over_d,2,0.1863473653793335
layer_nu_over_d,2,0.30320988098780316
layer_nu_over_d,2,0.32076090574264526
layer_nu_over_d,2,0.3252497911453247
layer_nu_over_d,2,0.25961031516393024
layer_nu_over_d,2,0.2214780648549398
layer_nu_over_d,2,0.1963801383972168
layer_nu_over_d,2,0.3347996075948079
layer_nu_over_d,2,0.3093915383021037
layer_nu_over_d,2,0.3232663671175639
layer_nu_over_d,2,0.33396939436594647
layer_nu_over_d,2,0.2571300466855367
layer_nu_over_d,2,0.271587610244751
layer_nu_over_d,2,0.24224927028020224
layer_nu_over_d,3,0.09007567167282104
layer_nu_over_d,3,0.08141967157522838
layer_nu_over_d,3,0.10310390591621399
layer_nu_over_d,3,0.08219802379608154
layer_nu_over_d,3,0.07325844963391621
layer_nu_over_d,3,0.07086642583211263
layer_nu_over_d,3,0.07942957679430644
layer_nu_over_d,3,0.07242072621981303
layer_nu_over_d,3,0.08693407972653706
layer_nu_over_d,3,0.09576489528020223
layer_nu_over_d,3,0.08097367485364278
layer_nu_over_d,3,0.08459543188412984
layer_nu_over_d,3,0.08288162449995677
layer_nu_over_d,3,0.06458854178587596
layer_nu_over_d,3,0.05678509672482809
layer_nu_over_d,3,0.040931095679601036
layer_nu_over_d,3,0.10635033249855042
layer_nu_over_d,3,0.08410326639811198
layer_nu_over_d,3,0.09332878390947978
layer_nu_over_d,3,0.07602702577908833
layer_nu_over_d,4,0.10547900199890137
layer_nu_over_d,4,0.09547647833824158
layer_nu_over_d,4,0.12037054697672527
layer_nu_over_d,4,0.09724831581115723
layer_nu_over_d,4,0.08676804105440776
layer_nu_over_d,4,0.08499287565549214
layer_nu_over_d,4,0.0941088596979777
layer_nu_over_d,4,0.08555679519971211
layer_nu_over_d,4,0.10164716839790344
layer_nu_over_d,4,0.11234532793362935
layer_nu_over_d,4,0.09530183672904968
layer_nu_over_d,4,0.1009136438369751
layer_nu_over_d,4,0.0983032484849294
layer_nu_over_d,4,0.07621194918950398
layer_nu_over_d,4,0.06786828736464183
layer_nu_over_d,4,0.047878190875053406
layer_nu_over_d,4,0.12456634640693665
layer_nu_over_d,4,0.09917045632998149
layer_nu_over_d,4,0.10936907927195232
layer_nu_over_d,4,0.09039567907651265
layer_nu_over_d,5,0.10595467686653137
layer_nu_over_d,5,0.09608481327692668
layer_nu_over_d,5,0.12083398302396138
layer_nu_over_d,5,0.09787715474764506
layer_nu_over_d,5,0.08847402532895406
layer_nu_over_d,5,0.08622648318608601
layer_nu_over_d,5,0.09461929400761922
layer_nu_over_d,5,0.08728254834810893
layer_nu_over_d,5,0.1025702953338623
layer_nu_over_d,5,0.11311974128087361
layer_nu_over_d,5,0.09679007530212402
layer_nu_over_d,5,0.10274235407511394
layer_nu_over_d,5,0.09883822004000346
layer_nu_over_d,5,0.07812767227490743
layer_nu_over_d,5,0.06976061065991719
layer_nu_over_d,5,0.04964284102121989
layer_nu_over_d,5,0.12522751092910767
layer_nu_over_d,5,0.10030591487884521
layer_nu_over_d,5,0.10986954967180888
layer_nu_over_d,5,0.09176285068194072
layer_nu_over_d,6,0.09417751431465149
layer_nu_over_d,6,0.0852941373984019
layer_nu_over_d,6,0.10724375645319621
layer_nu_over_d,6,0.0866597592830658
layer_nu_over_d,6,0.07858562966187795
layer_nu_over_d,6,0.07628414531548817
layer_nu_over_d,6,0.08405123154322307
layer_nu_over_d,6,0.07759048541386922
layer_nu_over_d,6,0.09132733941078186
layer_nu_over_d,6,0.10041472315788269
layer_nu_over_d,6,0.08610164125760396
layer_nu_over_d,6,0.09080386161804199
layer_nu_over_d,6,0.08774861693382263
layer_nu_over_d,6,0.06936834752559662
layer_nu_over_d,6,0.06198163330554962
layer_nu_over_d,6,0.04429041345914205
layer_nu_over_d,6,0.11147658030192058
layer_nu_over_d,6,0.08864431579907735
layer_nu_over_d,6,0.09746159116427104
layer_nu_over_d,6,0.08128852148850758
layer_nu_over_d,7,0.09903628627459209
layer_nu_over_d,7,0.08826083938280742
layer_nu_over_d,7,0.11223362882932027
layer_nu_over_d,7,0.08871498703956604
layer_nu_over_d,7,0.08251550296942393
layer_nu_over_d,7,0.07917332152525584
layer_nu_over_d,7,0.08666245142618816
layer_nu_over_d,7,0.08184998730818431
layer_nu_over_d,7,0.09533242384592693
layer_nu_over_d,7,0.1032066543896993
layer_nu_over_d,7,0.09051125248273213
layer_nu_over_d,7,0.09315027793248494
layer_nu_over_d,7,0.09088503321011861
layer_nu_over_d,7,0.07374397416909535
layer_nu_over_d,7,0.06675338745117188
layer_nu_over_d,7,0.04878414670626322
layer_nu_over_d,7,0.11512116591135661
layer_nu_over_d,7,0.09207820892333984
layer_nu_over_d,7,0.10043530662854512
layer_nu_over_d,7,0.08420451482137044
layer_nu_over_d,8,0.11200713117917378
layer_nu_over_d,8,0.09955382347106934
layer_nu_over_d,8,0.1255110204219818
layer_nu_over_d,8,0.09915358821551006
layer_nu_over_d,8,0.09408566355705261
layer_nu_over_d,8,0.08911659320195515
layer_nu_over_d,8,0.09690387050310771
layer_nu_over_d,8,0.09389344851175944
layer_nu_over_d,8,0.10761615633964539
layer_nu_over_d,8,0.11594719688097636
layer_nu_over_d,8,0.10164136687914531
layer_nu_over_d,8,0.10388778646787007
layer_nu_over_d,8,0.10093191266059875
layer_nu_over_d,8,0.08529549837112427
layer_nu_over_d,8,0.0791276345650355
layer_nu_over_d,8,0.057757521669069924
layer_nu_over_d,8,0.12782607475916544
layer_nu_over_d,8,0.10403622190157573
layer_nu_over_d,8,0.11171148220698039
layer_nu_over_d,8,0.09524857997894287
layer_nu_over_d,9,0.10861280560493469
layer_nu_over_d,9,0.09692453344662984
layer_nu_over_d,9,0.12126850088437398
layer_nu_over_d,9,0.09580182035764058
layer_nu_over_d,9,0.09169742465019226
layer_nu_over_d,9,0.08695900440216064
layer_nu_over_d,9,0.09440429011980693
layer_nu_over_d,9,0.09148337443669637
layer_nu_over_d,9,0.10578180352846782
layer_nu_over_d,9,0.11307621002197266
layer_nu_over_d,9,0.09906692306200664
layer_nu_over_d,9,0.10087119539578755
layer_nu_over_d,9,0.09811861316363017
layer_nu_over_d,9,0.08304369946320851
layer_nu_over_d,9,0.07730473577976227
layer_nu_over_d,9,0.05661634107430776
layer_nu_over_d,9,0.12353985508282979
layer_nu_over_d,9,0.10110614697138469
layer_nu_over_d,9,0.10840275883674622
layer_nu_over_d,9,0.09258810679117839
layer_nu_over_d,10,0.10881471633911133
layer_nu_over_d,10,0.09727539618810017
layer_nu_over_d,10,0.12163984775543213
layer_nu_over_d,10,0.09642445047696431
layer_nu_over_d,10,0.09248061974843343
layer_nu_over_d,10,0.08812845746676128
layer_nu_over_d,10,0.0952502191066742
layer_nu_over_d,10,0.09184451897939046
layer_nu_over_d,10,0.10635354121526082
layer_nu_over_d,10,0.11332650979359944
layer_nu_over_d,10,0.09988250335057576
layer_nu_over_d,10,0.10154669483502705
layer_nu_over_d,10,0.09901476899782817
layer_nu_over_d,10,0.08339390158653259
layer_nu_over_d,10,0.07752419014771779
layer_nu_over_d,10,0.05660218497117361
layer_nu_over_d,10,0.12387948234875996
layer_nu_over_d,10,0.10171773036321004
layer_nu_over_d,10,0.10913754502932231
layer_nu_over_d,10,0.093260924021403
layer_nu_over_d,11,0.10665370027224223
layer_nu_over_d,11,0.09507022301355998
layer_nu_over_d,11,0.11803426345189412
layer_nu_over_d,11,0.09395824869473775
layer_nu_over_d,11,0.09038092692693074
layer_nu_over_d,11,0.08600993951161702
layer_nu_over_d,11,0.0928988258043925
layer_nu_over_d,11,0.09006229043006897
layer_nu_over_d,11,0.10359249512354533
layer_nu_over_d,11,0.11047545075416565
layer_nu_over_d,11,0.09787292281786601
layer_nu_over_d,11,0.09961448113123576
layer_nu_over_d,11,0.09704904754956563
layer_nu_over_d,11,0.08142888049284618
layer_nu_over_d,11,0.07572265962759654
layer_nu_over_d,11,0.05500077704588572
layer_nu_over_d,11,0.12099598844846089
layer_nu_over_d,11,0.09931029876073201
layer_nu_over_d,11,0.10684631268183391
layer_nu_over_d,11,0.09129817287127177
layer_nu_over_d,12,0.10326963663101196
layer_nu_over_d,12,0.0924182931582133
layer_nu_over_d,12,0.11408621072769165
layer_nu_over_d,12,0.09153155485788982
layer_nu_over_d,12,0.0875197450319926
layer_nu_over_d,12,0.08357428510983785
layer_nu_over_d,12,0.09053439895311992
layer_nu_over_d,12,0.08752513925234477
layer_nu_over_d,12,0.10050520300865173
layer_nu_over_d,12,0.10742633541425069
layer_nu_over_d,12,0.09433316191037495
layer_nu_over_d,12,0.09706065058708191
layer_nu_over_d,12,0.09386732180913289
layer_nu_over_d,12,0.07915107905864716
layer_nu_over_d,12,0.07341618339220683
layer_nu_over_d,12,0.053263381123542786
layer_nu_over_d,12,0.11718424161275227
layer_nu_over_d,12,0.09665846824645996
layer_nu_over_d,12,0.10392738382021587
layer_nu_over_d,12,0.08903088172276814
layer_nu_over_d,13,0.10217803716659546
layer_nu_over_d,13,0.09153565764427185
layer_nu_over_d,13,0.11309873064359029
layer_nu_over_d,13,0.09069693088531494
layer_nu_over_d,13,0.0867878794670105
layer_nu_over_d,13,0.08277267714341481
layer_nu_over_d,13,0.08967536687850952
layer_nu_over_d,13,0.08678390582402547
layer_nu_over_d,13,0.09949289759000142
layer_nu_over_d,13,0.10624666015307109
layer_nu_over_d,13,0.09389902154604594
layer_nu_over_d,13,0.09641899665196736
layer_nu_over_d,13,0.09283621112505595
layer_nu_over_d,13,0.0784809688727061
layer_nu_over_d,13,0.07272582749525706
layer_nu_over_d,13,0.052920455733935036
layer_nu_over_d,13,0.11596764127413432
layer_nu_over_d,13,0.09585421284039815
layer_nu_over_d,13,0.10326216618220012
layer_nu_over_d,13,0.08819245298703511
layer_nu_over_d,14,0.11301582058270772
layer_nu_over_d,14,0.10211236278216045
layer_nu_over_d,14,0.12491661310195923
layer_nu_over_d,14,0.10192730029424031
layer_nu_over_d,14,0.09656197826067607
layer_nu_over_d,14,0.09283081690470378
layer_nu_over_d,14,0.10073274374008179
layer_nu_over_d,14,0.09619940320650737
layer_nu_over_d,14,0.1106026570002238
layer_nu_over_d,14,0.11767987410227458
layer_nu_over_d,14,0.10459982355435689
layer_nu_over_d,14,0.10814820726712544
layer_nu_over_d,14,0.10338808099428813
layer_nu_over_d,14,0.0869478980700175
layer_nu_over_d,14,0.08051891624927521
layer_nu_over_d,14,0.0584542453289032
layer_nu_over_d,14,0.12854814529418945
layer_nu_over_d,14,0.10692449410756429
layer_nu_over_d,14,0.11536310116449992
layer_nu_over_d,14,0.09855479001998901
layer_nu_over_d,15,0.11158797144889832
layer_nu_over_d,15,0.10088897744814555
layer_nu_over_d,15,0.12242131431897481
layer_nu_over_d,15,0.10025771458943684
layer_nu_over_d,15,0.09536384542783101
layer_nu_over_d,15,0.09151943524678548
layer_nu_over_d,15,0.09973758459091187
layer_nu_over_d,15,0.09479777018229167
layer_nu_over_d,15,0.1091407040754954
layer_nu_over_d,15,0.11597772439320882
layer_nu_over_d,15,0.10335208972295125
layer_nu_over_d,15,0.10686189929644267
layer_nu_over_d,15,0.10259731610616048
layer_nu_over_d,15,0.0852931837240855
layer_nu_over_d,15,0.0793025940656662
layer_nu_over_d,15,0.05739674965540568
layer_nu_over_d,15,0.12653125325838724
layer_nu_over_d,15,0.10565553108851115
layer_nu_over_d,15,0.1141661008199056
layer_nu_over_d,15,0.09724281231562297
layer_nu_over_d,16,0.10931316018104553
layer_nu_over_d,16,0.098490575949351
layer_nu_over_d,16,0.1202373206615448
layer_nu_over_d,16,0.09748425086339314
layer_nu_over_d,16,0.09299265344937642
layer_nu_over_d,16,0.08936827381451924
layer_nu_over_d,16,0.09748739997545879
layer_nu_over_d,16,0.09314228097597758
layer_nu_over_d,16,0.10668497284253438
layer_nu_over_d,16,0.11341206232706706
layer_nu_over_d,16,0.10102111101150513
layer_nu_over_d,16,0.10416765014330547
layer_nu_over_d,16,0.09961533546447754
layer_nu_over_d,16,0.0839716096719106
layer_nu_over_d,16,0.0780967225631078
layer_nu_over_d,16,0.05686869223912557
layer_nu_over_d,16,0.123401274283727
layer_nu_over_d,16,0.10346083839734395
layer_nu_over_d,16,0.11171046892801921
layer_nu_over_d,16,0.09540825088818868
layer_nu_over_d,17,0.10895328720410664
layer_nu_over_d,17,0.09824928641319275
layer_nu_over_d,17,0.11942851543426514
layer_nu_over_d,17,0.09691481788953145
layer_nu_over_d,17,0.09249497453371684
layer_nu_over_d,17,0.08894304434458415
layer_nu_over_d,17,0.0972719391187032
layer_nu_over_d,17,0.09287784496943156
layer_nu_over_d,17,0.10597959160804749
layer_nu_over_d,17,0.11299923062324524
layer_nu_over_d,17,0.10051528612772624
layer_nu_over_d,17,0.10346959034601848
layer_nu_over_d,17,0.09937190016110738
layer_nu_over_d,17,0.0838578740755717
layer_nu_over_d,17,0.0781480222940445
layer_nu_over_d,17,0.057156890630722046
layer_nu_over_d,17,0.12239889303843181
layer_nu_over_d,17,0.10278389851252238
layer_nu_over_d,17,0.11108985543251038
layer_nu_over_d,17,0.09526269634564717
layer_nu_over_d,18,0.11173659563064575
layer_nu_over_d,18,0.10181887944539388
layer_nu_over_d,18,0.1215952734152476
layer_nu_over_d,18,0.10036073128382365
layer_nu_over_d,18,0.09512690703074138
layer_nu_over_d,18,0.09201308091481526
layer_nu_over_d,18,0.10144104560216267
layer_nu_over_d,18,0.09551618496576945
layer_nu_over_d,18,0.108548899491628
layer_nu_over_d,18,0.11633808414141338
layer_nu_over_d,18,0.10373428463935852
layer_nu_over_d,18,0.10690067211786906
layer_nu_over_d,18,0.10357228914896648
layer_nu_over_d,18,0.08625500400861104
layer_nu_over_d,18,0.08049369851748149
layer_nu_over_d,18,0.059004202485084534
layer_nu_over_d,18,0.12522752086321512
layer_nu_over_d,18,0.10561903317769368
layer_nu_over_d,18,0.11466656128565471
layer_nu_over_d,18,0.09834487239519756
layer_nu_over_d,19,0.12704560160636902
layer_nu_over_d,19,0.11659543712933858
layer_nu_over_d,19,0.13687400023142496
layer_nu_over_d,19,0.11443404356638591
layer_nu_over_d,19,0.10868450999259949
layer_nu_over_d,19,0.10543887813886006
layer_nu_over_d,19,0.11588417490323384
layer_nu_over_d,19,0.10918166240056355
layer_nu_over_d,19,0.12333427866299947
layer_nu_over_d,19,0.13196841875712076
layer_nu_over_d,19,0.11854093273480733
layer_nu_over_d,19,0.12144886453946431
layer_nu_over_d,19,0.118563046058019
layer_nu_over_d,19,0.09888286391894023
layer_nu_over_d,19,0.09271001815795898
layer_nu_over_d,19,0.06844913959503174
layer_nu_over_d,19,0.140781968832016
layer_nu_over_d,19,0.12026442090670268
layer_nu_over_d,19,0.1303094526131948
layer_nu_over_d,19,0.11218404769897461
layer_nu_over_d,20,0.14806769291559854
layer_nu_over_d,20,0.13870349526405334
layer_nu_over_d,20,0.15683041016260782
layer_nu_over_d,20,0.1359728773434957
layer_nu_over_d,20,0.13074061274528503
layer_nu_over_d,20,0.12703328331311545
layer_nu_over_d,20,0.13834291696548462
layer_nu_over_d,20,0.1309013863404592
layer_nu_over_d,20,0.14482269684473673
layer_nu_over_d,20,0.15303030610084534
layer_nu_over_d,20,0.14076354106267294
layer_nu_over_d,20,0.14308111866315207
layer_nu_over_d,20,0.1412319839000702
layer_nu_over_d,20,0.12058253089586894
layer_nu_over_d,20,0.113432377576828
layer_nu_over_d,20,0.08685170610745747
layer_nu_over_d,20,0.16066412130991617
layer_nu_over_d,20,0.14181606968243918
layer_nu_over_d,20,0.15123679240544638
layer_nu_over_d,20,0.13383557399113974
layer_nu_over_d,21,0.15811939040819803
layer_nu_over_d,21,0.1481184164683024
layer_nu_over_d,21,0.166804571946462
layer_nu_over_d,21,0.1459501882394155
layer_nu_over_d,21,0.13993945717811584
layer_nu_over_d,21,0.13635990023612976
layer_nu_over_d,21,0.14908828337987265
layer_nu_over_d,21,0.14059887329737344
layer_nu_over_d,21,0.15425464510917664
layer_nu_over_d,21,0.16315760215123495
layer_nu_over_d,21,0.1504682501157125
layer_nu_over_d,21,0.1535983681678772
layer_nu_over_d,21,0.15161484479904175
layer_nu_over_d,21,0.13001040617624918
layer_nu_over_d,21,0.12202482422192891
layer_nu_over_d,21,0.09410551190376282
layer_nu_over_d,21,0.17050933837890625
layer_nu_over_d,21,0.1512507696946462
layer_nu_over_d,21,0.16145757834116617
layer_nu_over_d,21,0.1439244051774343
layer_nu_over_d,22,0.17611336708068848
layer_nu_over_d,22,0.16561887661616007
layer_nu_over_d,22,0.18521585067113241
layer_nu_over_d,22,0.16274778048197427
layer_nu_over_d,22,0.1576054791609446
layer_nu_over_d,22,0.15364617109298706
layer_nu_over_d,22,0.1664415697256724
layer_nu_over_d,22,0.15844119588534036
layer_nu_over_d,22,0.17256518205006918
layer_nu_over_d,22,0.1816834807395935
layer_nu_over_d,22,0.1685789426167806
layer_nu_over_d,22,0.1703545848528544
layer_nu_over_d,22,0.16858317454655966
layer_nu_over_d,22,0.14914300044377646
layer_nu_over_d,22,0.13943392038345337
layer_nu_over_d,22,0.10992492238680522
layer_nu_over_d,22,0.18726634979248047
layer_nu_over_d,22,0.16973096132278442
layer_nu_over_d,22,0.17823280890782675
layer_nu_over_d,22,0.16179215908050537
layer_nu_over_d,23,0.21612109740575156
layer_nu_over_d,23,0.20681659380594888
layer_nu_over_d,23,0.22553579012552896
layer_nu_over_d,23,0.20474753777186075
layer_nu_over_d,23,0.19675145546595255
layer_nu_over_d,23,0.1951357126235962
layer_nu_over_d,23,0.20869868993759155
layer_nu_over_d,23,0.19806144634882608
layer_nu_over_d,23,0.21204922596613565
layer_nu_over_d,23,0.22424127658208212
layer_nu_over_d,23,0.2106248140335083
layer_nu_over_d,23,0.2111247181892395
layer_nu_over_d,23,0.21012002229690552
layer_nu_over_d,23,0.1883000135421753
layer_nu_over_d,23,0.1771384080251058
layer_nu_over_d,23,0.14266341924667358
layer_nu_over_d,23,0.2278851866722107
layer_nu_over_d,23,0.21198495229085287
layer_nu_over_d,23,0.21929542223612467
layer_nu_over_d,23,0.20226258039474487
layer_nu_over_d,24,0.2678547104199727
layer_nu_over_d,24,0.2585304578145345
layer_nu_over_d,24,0.2772826949755351
layer_nu_over_d,24,0.25708242257436115
layer_nu_over_d,24,0.24671490987141928
layer_nu_over_d,24,0.2461789846420288
layer_nu_over_d,24,0.26268770297368366
layer_nu_over_d,24,0.24866495529810587
layer_nu_over_d,24,0.2625770966211955
layer_nu_over_d,24,0.2775907516479492
layer_nu_over_d,24,0.2624938289324443
layer_nu_over_d,24,0.2648879885673523
layer_nu_over_d,24,0.2643165588378906
layer_nu_over_d,24,0.23688048124313354
layer_nu_over_d,24,0.22335058450698853
layer_nu_over_d,24,0.18238635857899985
layer_nu_over_d,24,0.28038330872853595
layer_nu_over_d,24,0.26204895973205566
layer_nu_over_d,24,0.2727246880531311
layer_nu_over_d,24,0.25322141249974567
layer_nu_over_d,25,0.29830412069956463
layer_nu_over_d,25,0.2914813756942749
layer_nu_over_d,25,0.3075402577718099
layer_nu_over_d,25,0.2912423213322957
layer_nu_over_d,25,0.27824167410532635
layer_nu_over_d,25,0.27980609734853107
layer_nu_over_d,25,0.2979827920595805
layer_nu_over_d,25,0.27976445357004803
layer_nu_over_d,25,0.29416338602701825
layer_nu_over_d,25,0.308886190255483
layer_nu_over_d,25,0.2950553099314372
layer_nu_over_d,25,0.2991300622622172
layer_nu_over_d,25,0.2976802388827006
layer_nu_over_d,25,0.2680509686470032
layer_nu_over_d,25,0.25336148341496784
layer_nu_over_d,25,0.21089178323745728
layer_nu_over_d,25,0.31151725848515827
layer_nu_over_d,25,0.2931453585624695
layer_nu_over_d,25,0.3054469625155131
layer_nu_over_d,25,0.2857168912887573
layer_nu_over_d,26,0.3339213927586873
layer_nu_over_d,26,0.3282184998194377
layer_nu_over_d,26,0.3428895076115926
layer_nu_over_d,26,0.32873406012852985
layer_nu_over_d,26,0.31399255990982056
layer_nu_over_d,26,0.31676103671391803
layer_nu_over_d,26,0.3347638448079427
layer_nu_over_d,26,0.3155046304066976
layer_nu_over_d,26,0.3308974901835124
layer_nu_over_d,26,0.3449545701344808
layer_nu_over_d,26,0.3317851622899373
layer_nu_over_d,26,0.33709339300791424
layer_nu_over_d,26,0.3344964186350505
layer_nu_over_d,26,0.30344369014104206
layer_nu_over_d,26,0.2873673637708028
layer_nu_over_d,26,0.24493610858917236
layer_nu_over_d,26,0.34776556491851807
layer_nu_over_d,26,0.3297546108563741
layer_nu_over_d,26,0.34183041254679364
layer_nu_over_d,26,0.3223251501719157
layer_nu_over_d,27,0.39782488346099854
layer_nu_over_d,27,0.3984796603520711
layer_nu_over_d,27,0.4010598659515381
layer_nu_over_d,27,0.39926016330718994
layer_nu_over_d,27,0.38834158579508465
layer_nu_over_d,27,0.39504794279734295
layer_nu_over_d,27,0.4061003526051839
layer_nu_over_d,27,0.38984910647074383
layer_nu_over_d,27,0.3983798821767171
layer_nu_over_d,27,0.4048326015472412
layer_nu_over_d,27,0.39860586325327557
layer_nu_over_d,27,0.406404972076416
layer_nu_over_d,27,0.4009965658187866
layer_nu_over_d,27,0.3825783332188924
layer_nu_over_d,27,0.3699396848678589
layer_nu_over_d,27,0.3525840441385905
layer_nu_over_d,27,0.40415207544962567
layer_nu_over_d,27,0.3969570795694987
layer_nu_over_d,27,0.40372975667317706
layer_nu_over_d,27,0.3951181173324585
layer_nu_over_d,28,0.3239672581354777
layer_nu_over_d,28,0.3242811957995097
layer_nu_over_d,28,0.30503012736638385
layer_nu_over_d,28,0.3198113838831584
layer_nu_over_d,28,0.3104779322942098
layer_nu_over_d,28,0.31580090522766113
layer_nu_over_d,28,0.33089594046274823
layer_nu_over_d,28,0.30873793363571167
layer_nu_over_d,28,0.3240583340326945
layer_nu_over_d,28,0.3165838321050008
layer_nu_over_d,28,0.3100539445877075
layer_nu_over_d,28,0.3287525574366252
layer_nu_over_d,28,0.3304072817166646
layer_nu_over_d,28,0.3196173310279846
layer_nu_over_d,28,0.30364612738291424
layer_nu_over_d,28,0.3123744527498881
layer_nu_over_d,28,0.3171706994374593
layer_nu_over_d,28,0.304972509543101
layer_nu_over_d,28,0.3219255010286967
layer_nu_over_d,28,0.31653334697087604
layer_nu_over_d,29,0.0
layer_nu_over_d,29,0.0
layer_nu_over_d,29,0.0
layer_nu_over_d,29,0.0
layer_nu_over_d,29,0.0
layer_nu_over_d,29,0.0
layer_nu_over_d,29,0.0
layer_nu_over_d,29,0.0
layer_nu_over_d,29,0.0
layer_nu_over_d,29,0.0
layer_nu_over_d,29,0.0
layer_nu_over_d,29,0.0
layer_nu_over_d,29,0.0
layer_nu_over_d,29,0.0
layer_nu_over_d,29,0.0
layer_nu_over_d,29,0.0
layer_nu_over_d,29,0.0
layer_nu_over_d,29,0.0
layer_nu_over_d,29,0.0
layer_nu_over_d,29,0.0
layer_nu_over_N,0,0.5531792602539063
layer_nu_over_N,0,0.553130126953125
layer_nu_over_N,0,0.551893798828125
layer_nu_over_N,0,0.551893310546875
layer_nu_over_N,0,0.5505660400390625
layer_nu_over_N,0,0.5531710815429688
layer_nu_over_N,0,0.5488718872070313
layer_nu_over_N,0,0.5525238037109375
layer_nu_over_N,0,0.5508714599609374
layer_nu_over_N,0,0.55463427734375
layer_nu_over_N,0,0.5489921875
layer_nu_over_N,0,0.5529513549804688
layer_nu_over_N,0,0.5529602661132812
layer_nu_over_N,0,0.5542313232421875
layer_nu_over_N,0,0.5511029663085938
layer_nu_over_N,0,0.5525308227539063
layer_nu_over_N,0,0.5526476440429687
layer_nu_over_N,0,0.5528033447265625
layer_nu_over_N,0,0.5516436767578125
layer_nu_over_N,0,0.553275634765625
layer_nu_over_N,1,0.2870411682128906
layer_nu_over_N,1,0.2874208679199219
layer_nu_over_N,1,0.28647528076171874
layer_nu_over_N,1,0.28582513427734374
layer_nu_over_N,1,0.2852137451171875
layer_nu_over_N,1,0.2870889892578125
layer_nu_over_N,1,0.28196368408203126
layer_nu_over_N,1,0.2862679443359375
layer_nu_over_N,1,0.28461001586914064
layer_nu_over_N,1,0.28817877197265623
layer_nu_over_N,1,0.2820616455078125
layer_nu_over_N,1,0.2871813049316406
layer_nu_over_N,1,0.2854866333007812
layer_nu_over_N,1,0.28962155151367186
layer_nu_over_N,1,0.28402825927734376
layer_nu_over_N,1,0.28597320556640626
layer_nu_over_N,1,0.28441046142578125
layer_nu_over_N,1,0.28731268310546876
layer_nu_over_N,1,0.28709652709960937
layer_nu_over_N,1,0.2884214782714844
layer_nu_over_N,2,0.2820770874023438
layer_nu_over_N,2,0.1887875213623047
layer_nu_over_N,2,0.2890501098632812
layer_nu_over_N,2,0.15898970031738283
layer_nu_over_N,2,0.1615366973876953
layer_nu_over_N,2,0.1263149108886719
layer_nu_over_N,2,0.14311477661132813
layer_nu_over_N,2,0.2328651885986328
layer_nu_over_N,2,0.24634437561035155
layer_nu_over_N,2,0.24979183959960938
layer_nu_over_N,2,0.19938072204589843
layer_nu_over_N,2,0.17009515380859375
layer_nu_over_N,2,0.1508199462890625
layer_nu_over_N,2,0.2571260986328125
layer_nu_over_N,2,0.23761270141601562
layer_nu_over_N,2,0.24826856994628907
layer_nu_over_N,2,0.25648849487304687
layer_nu_over_N,2,0.1974758758544922
layer_nu_over_N,2,0.20857928466796874
layer_nu_over_N,2,0.18604743957519532
layer_nu_over_N,3,0.06917811584472656
layer_nu_over_N,3,0.06253030776977539
layer_nu_over_N,3,0.07918379974365235
layer_nu_over_N,3,0.06312808227539063
layer_nu_over_N,3,0.056262489318847655
layer_nu_over_N,3,0.0544254150390625
layer_nu_over_N,3,0.061001914978027344
layer_nu_over_N,3,0.05561911773681641
layer_nu_over_N,3,0.06676537322998047
layer_nu_over_N,3,0.07354743957519531
layer_nu_over_N,3,0.06218778228759766
layer_nu_over_N,3,0.06496929168701172
layer_nu_over_N,3,0.0636530876159668
layer_nu_over_N,3,0.04960400009155273
layer_nu_over_N,3,0.04361095428466797
layer_nu_over_N,3,0.031435081481933594
layer_nu_over_N,3,0.08167705535888672
layer_nu_over_N,3,0.06459130859375
layer_nu_over_N,3,0.07167650604248046
layer_nu_over_N,3,0.058388755798339846
layer_nu_over_N,4,0.08100787353515625
layer_nu_over_N,4,0.07332593536376954
layer_nu_over_N,4,0.092444580078125
layer_nu_over_N,4,0.07468670654296874
layer_nu_over_N,4,0.06663785552978516
layer_nu_over_N,4,0.06527452850341797
layer_nu_over_N,4,0.07227560424804688
layer_nu_over_N,4,0.0657076187133789
layer_nu_over_N,4,0.07806502532958984
layer_nu_over_N,4,0.08628121185302734
layer_nu_over_N,4,0.07319181060791016
layer_nu_over_N,4,0.07750167846679687
layer_nu_over_N,4,0.07549689483642578
layer_nu_over_N,4,0.05853077697753906
layer_nu_over_N,4,0.052122844696044925
layer_nu_over_N,4,0.03677045059204102
layer_nu_over_N,4,0.09566695404052734
layer_nu_over_N,4,0.07616291046142579
layer_nu_over_N,4,0.08399545288085937
layer_nu_over_N,4,0.06942388153076172
layer_nu_over_N,5,0.08137319183349609
layer_nu_over_N,5,0.07379313659667969
layer_nu_over_N,5,0.09280049896240235
layer_nu_over_N,5,0.07516965484619141
layer_nu_over_N,5,0.06794805145263672
layer_nu_over_N,5,0.06622193908691407
layer_nu_over_N,5,0.07266761779785157
layer_nu_over_N,5,0.06703299713134765
layer_nu_over_N,5,0.07877398681640625
layer_nu_over_N,5,0.08687596130371093
layer_nu_over_N,5,0.07433477783203125
layer_nu_over_N,5,0.0789061279296875
layer_nu_over_N,5,0.07590775299072265
layer_nu_over_N,5,0.060002052307128906
layer_nu_over_N,5,0.0535761489868164
layer_nu_over_N,5,0.03812570190429688
layer_nu_over_N,5,0.09617472839355469
layer_nu_over_N,5,0.07703494262695312
layer_nu_over_N,5,0.08437981414794922
layer_nu_over_N,5,0.07047386932373047
layer_nu_over_N,6,0.07232833099365234
layer_nu_over_N,6,0.06550589752197265
layer_nu_over_N,6,0.08236320495605469
layer_nu_over_N,6,0.06655469512939453
layer_nu_over_N,6,0.06035376358032227
layer_nu_over_N,6,0.05858622360229492
layer_nu_over_N,6,0.06455134582519531
layer_nu_over_N,6,0.05958949279785156
layer_nu_over_N,6,0.07013939666748047
layer_nu_over_N,6,0.0771185073852539
layer_nu_over_N,6,0.06612606048583984
layer_nu_over_N,6,0.06973736572265625
layer_nu_over_N,6,0.06739093780517579
layer_nu_over_N,6,0.0532748908996582
layer_nu_over_N,6,0.04760189437866211
layer_nu_over_N,6,0.03401503753662109
layer_nu_over_N,6,0.085614013671875
layer_nu_over_N,6,0.0680788345336914
layer_nu_over_N,6,0.07485050201416016
layer_nu_over_N,6,0.062429584503173825
layer_nu_over_N,7,0.07605986785888671
layer_nu_over_N,7,0.0677843246459961
layer_nu_over_N,7,0.08619542694091797
layer_nu_over_N,7,0.06813311004638672
layer_nu_over_N,7,0.06337190628051757
layer_nu_over_N,7,0.06080511093139648
layer_nu_over_N,7,0.0665567626953125
layer_nu_over_N,7,0.06286079025268555
layer_nu_over_N,7,0.07321530151367188
layer_nu_over_N,7,0.07926271057128906
layer_nu_over_N,7,0.06951264190673828
layer_nu_over_N,7,0.07153941345214844
layer_nu_over_N,7,0.0697997055053711
layer_nu_over_N,7,0.05663537216186523
layer_nu_over_N,7,0.0512666015625
layer_nu_over_N,7,0.03746622467041016
layer_nu_over_N,7,0.08841305541992188
layer_nu_over_N,7,0.070716064453125
layer_nu_over_N,7,0.07713431549072265
layer_nu_over_N,7,0.0646690673828125
layer_nu_over_N,8,0.08602147674560547
layer_nu_over_N,8,0.07645733642578124
layer_nu_over_N,8,0.09639246368408202
layer_nu_over_N,8,0.07614995574951172
layer_nu_over_N,8,0.0722577896118164
layer_nu_over_N,8,0.06844154357910157
layer_nu_over_N,8,0.07442217254638672
layer_nu_over_N,8,0.07211016845703125
layer_nu_over_N,8,0.08264920806884765
layer_nu_over_N,8,0.08904744720458985
layer_nu_over_N,8,0.0780605697631836
layer_nu_over_N,8,0.07978582000732422
layer_nu_over_N,8,0.07751570892333984
layer_nu_over_N,8,0.06550694274902344
layer_nu_over_N,8,0.06077002334594726
layer_nu_over_N,8,0.0443577766418457
layer_nu_over_N,8,0.09817042541503906
layer_nu_over_N,8,0.07989981842041016
layer_nu_over_N,8,0.08579441833496093
layer_nu_over_N,8,0.07315090942382813
layer_nu_over_N,9,0.08341463470458985
layer_nu_over_N,9,0.07443804168701172
layer_nu_over_N,9,0.09313420867919922
layer_nu_over_N,9,0.07357579803466797
layer_nu_over_N,9,0.07042362213134766
layer_nu_over_N,9,0.06678451538085937
layer_nu_over_N,9,0.07250249481201172
layer_nu_over_N,9,0.07025923156738281
layer_nu_over_N,9,0.08124042510986328
layer_nu_over_N,9,0.086842529296875
layer_nu_over_N,9,0.0760833969116211
layer_nu_over_N,9,0.07746907806396484
layer_nu_over_N,9,0.07535509490966796
layer_nu_over_N,9,0.06377756118774414
layer_nu_over_N,9,0.05937003707885742
layer_nu_over_N,9,0.04348134994506836
layer_nu_over_N,9,0.09487860870361328
layer_nu_over_N,9,0.07764952087402344
layer_nu_over_N,9,0.0832533187866211
layer_nu_over_N,9,0.071107666015625
layer_nu_over_N,10,0.0835697021484375
layer_nu_over_N,10,0.07470750427246094
layer_nu_over_N,10,0.09341940307617187
layer_nu_over_N,10,0.0740539779663086
layer_nu_over_N,10,0.07102511596679688
layer_nu_over_N,10,0.06768265533447265
layer_nu_over_N,10,0.07315216827392577
layer_nu_over_N,10,0.07053659057617187
layer_nu_over_N,10,0.0816795196533203
layer_nu_over_N,10,0.08703475952148437
layer_nu_over_N,10,0.07670976257324219
layer_nu_over_N,10,0.07798786163330078
layer_nu_over_N,10,0.07604334259033203
layer_nu_over_N,10,0.06404651641845703
layer_nu_over_N,10,0.05953857803344727
layer_nu_over_N,10,0.04347047805786133
layer_nu_over_N,10,0.09513944244384766
layer_nu_over_N,10,0.07811921691894531
layer_nu_over_N,10,0.08381763458251953
layer_nu_over_N,10,0.0716243896484375
layer_nu_over_N,11,0.08191004180908203
layer_nu_over_N,11,0.07301393127441407
layer_nu_over_N,11,0.0906503143310547
layer_nu_over_N,11,0.0721599349975586
layer_nu_over_N,11,0.06941255187988281
layer_nu_over_N,11,0.06605563354492187
layer_nu_over_N,11,0.07134629821777344
layer_nu_over_N,11,0.06916783905029297
layer_nu_over_N,11,0.07955903625488281
layer_nu_over_N,11,0.08484514617919922
layer_nu_over_N,11,0.07516640472412109
layer_nu_over_N,11,0.07650392150878907
layer_nu_over_N,11,0.0745336685180664
layer_nu_over_N,11,0.06253738021850586
layer_nu_over_N,11,0.05815500259399414
layer_nu_over_N,11,0.04224059677124024
layer_nu_over_N,11,0.09292491912841797
layer_nu_over_N,11,0.07627030944824219
layer_nu_over_N,11,0.08205796813964844
layer_nu_over_N,11,0.07011699676513672
layer_nu_over_N,12,0.07931108093261718
layer_nu_over_N,12,0.0709772491455078
layer_nu_over_N,12,0.08761820983886719
layer_nu_over_N,12,0.07029623413085938
layer_nu_over_N,12,0.06721516418457031
layer_nu_over_N,12,0.06418505096435546
layer_nu_over_N,12,0.0695304183959961
layer_nu_over_N,12,0.06721930694580078
layer_nu_over_N,12,0.07718799591064453
layer_nu_over_N,12,0.08250342559814453
layer_nu_over_N,12,0.07244786834716797
layer_nu_over_N,12,0.0745425796508789
layer_nu_over_N,12,0.07209010314941407
layer_nu_over_N,12,0.06078802871704102
layer_nu_over_N,12,0.05638362884521484
layer_nu_over_N,12,0.040906276702880856
layer_nu_over_N,12,0.08999749755859375
layer_nu_over_N,12,0.07423370361328124
layer_nu_over_N,12,0.07981623077392579
layer_nu_over_N,12,0.06837571716308594
layer_nu_over_N,13,0.07847273254394531
layer_nu_over_N,13,0.07029938507080079
layer_nu_over_N,13,0.08685982513427734
layer_nu_over_N,13,0.06965524291992188
layer_nu_over_N,13,0.06665309143066406
layer_nu_over_N,13,0.06356941604614258
layer_nu_over_N,13,0.06887068176269531
layer_nu_over_N,13,0.06665003967285156
layer_nu_over_N,13,0.07641054534912109
layer_nu_over_N,13,0.08159743499755859
layer_nu_over_N,13,0.07211444854736328
layer_nu_over_N,13,0.07404978942871093
layer_nu_over_N,13,0.07129821014404297
layer_nu_over_N,13,0.06027338409423828
layer_nu_over_N,13,0.05585343551635742
layer_nu_over_N,13,0.04064291000366211
layer_nu_over_N,13,0.08906314849853515
layer_nu_over_N,13,0.07361603546142578
layer_nu_over_N,13,0.07930534362792968
layer_nu_over_N,13,0.06773180389404297
layer_nu_over_N,14,0.08679615020751953
layer_nu_over_N,14,0.07842229461669922
layer_nu_over_N,14,0.09593595886230469
layer_nu_over_N,14,0.07828016662597656
layer_nu_over_N,14,0.07415959930419921
layer_nu_over_N,14,0.0712940673828125
layer_nu_over_N,14,0.07736274719238281
layer_nu_over_N,14,0.07388114166259765
layer_nu_over_N,14,0.08494284057617188
layer_nu_over_N,14,0.09037814331054687
layer_nu_over_N,14,0.08033266448974609
layer_nu_over_N,14,0.08305782318115235
layer_nu_over_N,14,0.07940204620361328
layer_nu_over_N,14,0.06677598571777343
layer_nu_over_N,14,0.06183852767944336
layer_nu_over_N,14,0.04489286041259766
layer_nu_over_N,14,0.0987249755859375
layer_nu_over_N,14,0.08211801147460937
layer_nu_over_N,14,0.08859886169433594
layer_nu_over_N,14,0.07569007873535157
layer_nu_over_N,15,0.08569956207275391
layer_nu_over_N,15,0.07748273468017577
layer_nu_over_N,15,0.09401956939697266
layer_nu_over_N,15,0.0769979248046875
layer_nu_over_N,15,0.07323943328857421
layer_nu_over_N,15,0.07028692626953124
layer_nu_over_N,15,0.07659846496582032
layer_nu_over_N,15,0.0728046875
layer_nu_over_N,15,0.08382006072998047
layer_nu_over_N,15,0.08907089233398438
layer_nu_over_N,15,0.07937440490722657
layer_nu_over_N,15,0.08206993865966797
layer_nu_over_N,15,0.07879473876953125
layer_nu_over_N,15,0.06550516510009766
layer_nu_over_N,15,0.06090439224243164
layer_nu_over_N,15,0.04408070373535156
layer_nu_over_N,15,0.0971760025024414
layer_nu_over_N,15,0.08114344787597656
layer_nu_over_N,15,0.0876795654296875
layer_nu_over_N,15,0.07468247985839843
layer_nu_over_N,16,0.08395250701904297
layer_nu_over_N,16,0.07564076232910157
layer_nu_over_N,16,0.09234226226806641
layer_nu_over_N,16,0.07486790466308593
layer_nu_over_N,16,0.0714183578491211
layer_nu_over_N,16,0.06863483428955078
layer_nu_over_N,16,0.07487032318115235
layer_nu_over_N,16,0.07153327178955078
layer_nu_over_N,16,0.08193405914306641
layer_nu_over_N,16,0.0871004638671875
layer_nu_over_N,16,0.07758421325683594
layer_nu_over_N,16,0.0800007553100586
layer_nu_over_N,16,0.07650457763671875
layer_nu_over_N,16,0.06449019622802735
layer_nu_over_N,16,0.0599782829284668
layer_nu_over_N,16,0.04367515563964844
layer_nu_over_N,16,0.09477217864990234
layer_nu_over_N,16,0.07945792388916016
layer_nu_over_N,16,0.08579364013671875
layer_nu_over_N,16,0.07327353668212891
layer_nu_over_N,17,0.0836761245727539
layer_nu_over_N,17,0.07545545196533203
layer_nu_over_N,17,0.09172109985351562
layer_nu_over_N,17,0.07443058013916015
layer_nu_over_N,17,0.07103614044189453
layer_nu_over_N,17,0.06830825805664062
layer_nu_over_N,17,0.07470484924316406
layer_nu_over_N,17,0.07133018493652343
layer_nu_over_N,17,0.08139232635498046
layer_nu_over_N,17,0.08678340911865234
layer_nu_over_N,17,0.07719573974609376
layer_nu_over_N,17,0.07946464538574219
layer_nu_over_N,17,0.07631761932373046
layer_nu_over_N,17,0.06440284729003906
layer_nu_over_N,17,0.06001768112182617
layer_nu_over_N,17,0.04389649200439453
layer_nu_over_N,17,0.09400234985351562
layer_nu_over_N,17,0.07893803405761719
layer_nu_over_N,17,0.08531700897216797
layer_nu_over_N,17,0.07316175079345703
layer_nu_over_N,18,0.08581370544433593
layer_nu_over_N,18,0.0781968994140625
layer_nu_over_N,18,0.09338516998291016
layer_nu_over_N,18,0.07707704162597656
layer_nu_over_N,18,0.07305746459960938
layer_nu_over_N,18,0.07066604614257813
layer_nu_over_N,18,0.07790672302246093
layer_nu_over_N,18,0.07335643005371094
layer_nu_over_N,18,0.08336555480957031
layer_nu_over_N,18,0.08934764862060547
layer_nu_over_N,18,0.07966793060302735
layer_nu_over_N,18,0.08209971618652344
layer_nu_over_N,18,0.07954351806640625
layer_nu_over_N,18,0.06624384307861328
layer_nu_over_N,18,0.061819160461425784
layer_nu_over_N,18,0.04531522750854492
layer_nu_over_N,18,0.09617473602294922
layer_nu_over_N,18,0.08111541748046874
layer_nu_over_N,18,0.08806391906738281
layer_nu_over_N,18,0.07552886199951171
layer_nu_over_N,19,0.0975710220336914
layer_nu_over_N,19,0.08954529571533203
layer_nu_over_N,19,0.10511923217773438
layer_nu_over_N,19,0.08788534545898438
layer_nu_over_N,19,0.0834697036743164
layer_nu_over_N,19,0.08097705841064454
layer_nu_over_N,19,0.08899904632568359
layer_nu_over_N,19,0.08385151672363281
layer_nu_over_N,19,0.0947207260131836
layer_nu_over_N,19,0.10135174560546875
layer_nu_over_N,19,0.09103943634033203
layer_nu_over_N,19,0.09327272796630859
layer_nu_over_N,19,0.0910564193725586
layer_nu_over_N,19,0.0759420394897461
layer_nu_over_N,19,0.0712012939453125
layer_nu_over_N,19,0.052568939208984374
layer_nu_over_N,19,0.10812055206298828
layer_nu_over_N,19,0.09236307525634765
layer_nu_over_N,19,0.1000776596069336
layer_nu_over_N,19,0.0861573486328125
layer_nu_over_N,20,0.11371598815917969
layer_nu_over_N,20,0.10652428436279297
layer_nu_over_N,20,0.12044575500488282
layer_nu_over_N,20,0.10442716979980468
layer_nu_over_N,20,0.10040879058837891
layer_nu_over_N,20,0.09756156158447266
layer_nu_over_N,20,0.10624736022949219
layer_nu_over_N,20,0.10053226470947266
layer_nu_over_N,20,0.11122383117675781
layer_nu_over_N,20,0.11752727508544922
layer_nu_over_N,20,0.10810639953613281
layer_nu_over_N,20,0.10988629913330078
layer_nu_over_N,20,0.10846616363525391
layer_nu_over_N,20,0.09260738372802735
layer_nu_over_N,20,0.08711606597900391
layer_nu_over_N,20,0.06670211029052735
layer_nu_over_N,20,0.12339004516601562
layer_nu_over_N,20,0.10891474151611329
layer_nu_over_N,20,0.11614985656738282
layer_nu_over_N,20,0.10278572082519531
layer_nu_over_N,21,0.12143569183349609
layer_nu_over_N,21,0.11375494384765625
layer_nu_over_N,21,0.12810591125488283
layer_nu_over_N,21,0.11208974456787109
layer_nu_over_N,21,0.10747350311279297
layer_nu_over_N,21,0.10472440338134766
layer_nu_over_N,21,0.1144998016357422
layer_nu_over_N,21,0.10797993469238282
layer_nu_over_N,21,0.11846756744384766
layer_nu_over_N,21,0.12530503845214844
layer_nu_over_N,21,0.11555961608886718
layer_nu_over_N,21,0.1179635467529297
layer_nu_over_N,21,0.11644020080566406
layer_nu_over_N,21,0.09984799194335937
layer_nu_over_N,21,0.09371506500244141
layer_nu_over_N,21,0.07227303314208984
layer_nu_over_N,21,0.130951171875
layer_nu_over_N,21,0.11616059112548828
layer_nu_over_N,21,0.12399942016601563
layer_nu_over_N,21,0.11053394317626954
layer_nu_over_N,22,0.13525506591796874
layer_nu_over_N,22,0.12719529724121093
layer_nu_over_N,22,0.14224577331542967
layer_nu_over_N,22,0.12499029541015624
layer_nu_over_N,22,0.12104100799560547
layer_nu_over_N,22,0.11800025939941407
layer_nu_over_N,22,0.1278271255493164
layer_nu_over_N,22,0.1216828384399414
layer_nu_over_N,22,0.13253005981445312
layer_nu_over_N,22,0.1395329132080078
layer_nu_over_N,22,0.1294686279296875
layer_nu_over_N,22,0.1308323211669922
layer_nu_over_N,22,0.1294718780517578
layer_nu_over_N,22,0.11454182434082032
layer_nu_over_N,22,0.10708525085449219
layer_nu_over_N,22,0.08442234039306641
layer_nu_over_N,22,0.143820556640625
layer_nu_over_N,22,0.13035337829589844
layer_nu_over_N,22,0.13688279724121094
layer_nu_over_N,22,0.12425637817382812
layer_nu_over_N,23,0.16598100280761718
layer_nu_over_N,23,0.15883514404296875
layer_nu_over_N,23,0.17321148681640625
layer_nu_over_N,23,0.15724610900878908
layer_nu_over_N,23,0.15110511779785157
layer_nu_over_N,23,0.14986422729492188
layer_nu_over_N,23,0.1602805938720703
layer_nu_over_N,23,0.15211119079589844
layer_nu_over_N,23,0.1628538055419922
layer_nu_over_N,23,0.17221730041503908
layer_nu_over_N,23,0.16175985717773436
layer_nu_over_N,23,0.16214378356933593
layer_nu_over_N,23,0.16137217712402344
layer_nu_over_N,23,0.14461441040039064
layer_nu_over_N,23,0.13604229736328124
layer_nu_over_N,23,0.10956550598144531
layer_nu_over_N,23,0.1750158233642578
layer_nu_over_N,23,0.162804443359375
layer_nu_over_N,23,0.16841888427734375
layer_nu_over_N,23,0.15533766174316407
layer_nu_over_N,24,0.20571241760253905
layer_nu_over_N,24,0.1985513916015625
layer_nu_over_N,24,0.21295310974121093
layer_nu_over_N,24,0.19743930053710937
layer_nu_over_N,24,0.18947705078125
layer_nu_over_N,24,0.1890654602050781
layer_nu_over_N,24,0.20174415588378905
layer_nu_over_N,24,0.19097468566894532
layer_nu_over_N,24,0.20165921020507813
layer_nu_over_N,24,0.213189697265625
layer_nu_over_N,24,0.20159526062011718
layer_nu_over_N,24,0.20343397521972656
layer_nu_over_N,24,0.2029951171875
layer_nu_over_N,24,0.18192420959472655
layer_nu_over_N,24,0.17153324890136717
layer_nu_over_N,24,0.14007272338867188
layer_nu_over_N,24,0.21533438110351563
layer_nu_over_N,24,0.20125360107421875
layer_nu_over_N,24,0.2094525604248047
layer_nu_over_N,24,0.19447404479980468
layer_nu_over_N,25,0.22909756469726564
layer_nu_over_N,25,0.22385769653320312
layer_nu_over_N,25,0.23619091796875
layer_nu_over_N,25,0.22367410278320313
layer_nu_over_N,25,0.2136896057128906
layer_nu_over_N,25,0.2148910827636719
layer_nu_over_N,25,0.22885078430175781
layer_nu_over_N,25,0.21485910034179687
layer_nu_over_N,25,0.22591748046875
layer_nu_over_N,25,0.23722459411621094
layer_nu_over_N,25,0.22660247802734376
layer_nu_over_N,25,0.22973188781738282
layer_nu_over_N,25,0.22861842346191405
layer_nu_over_N,25,0.20586314392089844
layer_nu_over_N,25,0.19458161926269532
layer_nu_over_N,25,0.1619648895263672
layer_nu_over_N,25,0.23924525451660156
layer_nu_over_N,25,0.22513563537597656
layer_nu_over_N,25,0.23458326721191405
layer_nu_over_N,25,0.21943057250976564
layer_nu_over_N,26,0.25645162963867185
layer_nu_over_N,26,0.2520718078613281
layer_nu_over_N,26,0.2633391418457031
layer_nu_over_N,26,0.2524677581787109
layer_nu_over_N,26,0.2411462860107422
layer_nu_over_N,26,0.24327247619628906
layer_nu_over_N,26,0.2570986328125
layer_nu_over_N,26,0.24230755615234376
layer_nu_over_N,26,0.2541292724609375
layer_nu_over_N,26,0.26492510986328127
layer_nu_over_N,26,0.2548110046386719
layer_nu_over_N,26,0.25888772583007813
layer_nu_over_N,26,0.25689324951171877
layer_nu_over_N,26,0.2330447540283203
layer_nu_over_N,26,0.22069813537597657
layer_nu_over_N,26,0.18811093139648438
layer_nu_over_N,26,0.2670839538574219
layer_nu_over_N,26,0.2532515411376953
layer_nu_over_N,26,0.2625257568359375
layer_nu_over_N,26,0.24754571533203126
layer_nu_over_N,27,0.3055295104980469
layer_nu_over_N,27,0.3060323791503906
layer_nu_over_N,27,0.30801397705078126
layer_nu_over_N,27,0.30663180541992185
layer_nu_over_N,27,0.298246337890625
layer_nu_over_N,27,0.3033968200683594
layer_nu_over_N,27,0.31188507080078126
layer_nu_over_N,27,0.29940411376953124
layer_nu_over_N,27,0.3059557495117188
layer_nu_over_N,27,0.31091143798828125
layer_nu_over_N,27,0.30612930297851565
layer_nu_over_N,27,0.3121190185546875
layer_nu_over_N,27,0.3079653625488281
layer_nu_over_N,27,0.29382015991210936
layer_nu_over_N,27,0.2841136779785156
layer_nu_over_N,27,0.2707845458984375
layer_nu_over_N,27,0.3103887939453125
layer_nu_over_N,27,0.304863037109375
layer_nu_over_N,27,0.310064453125
layer_nu_over_N,27,0.3034507141113281
layer_nu_over_N,28,0.24880685424804688
layer_nu_over_N,28,0.24904795837402344
layer_nu_over_N,28,0.2342631378173828
layer_nu_over_N,28,0.24561514282226563
layer_nu_over_N,28,0.23844705200195312
layer_nu_over_N,28,0.24253509521484376
layer_nu_over_N,28,0.25412808227539063
layer_nu_over_N,28,0.23711073303222657
layer_nu_over_N,28,0.24887680053710937
layer_nu_over_N,28,0.24313638305664062
layer_nu_over_N,28,0.23812142944335937
layer_nu_over_N,28,0.2524819641113281
layer_nu_over_N,28,0.2537527923583984
layer_nu_over_N,28,0.2454661102294922
layer_nu_over_N,28,0.23320022583007813
layer_nu_over_N,28,0.23990357971191406
layer_nu_over_N,28,0.24358709716796875
layer_nu_over_N,28,0.23421888732910157
layer_nu_over_N,28,0.24723878479003905
layer_nu_over_N,28,0.24309761047363282
layer_nu_over_N,29,0.0
layer_nu_over_N,29,0.0
layer_nu_over_N,29,0.0
layer_nu_over_N,29,0.0
layer_nu_over_N,29,0.0
layer_nu_over_N,29,0.0
layer_nu_over_N,29,0.0
layer_nu_over_N,29,0.0
layer_nu_over_N,29,0.0
layer_nu_over_N,29,0.0
layer_nu_over_N,29,0.0
layer_nu_over_N,29,0.0
layer_nu_over_N,29,0.0
layer_nu_over_N,29,0.0
layer_nu_over_N,29,0.0
layer_nu_over_N,29,0.0
layer_nu_over_N,29,0.0
layer_nu_over_N,29,0.0
layer_nu_over_N,29,0.0
layer_nu_over_N,29,0.0
